packages/api/app/Services/Calendars/CalendarEventRepository.php	1317	grandfathered
packages/api/app/Services/Calendars/CalendarRepository.php	885	grandfathered
packages/api/app/Services/Chat/ChatChannelRepository.php	918	grandfathered
packages/api/app/Services/Contacts/Conversion/ConversionSupport.php	1289	grandfathered
packages/api/app/Services/Contacts/Conversion/JsContactToVCardConverter.php	927	grandfathered
packages/api/app/Services/Contacts/Conversion/VCardToJsContactConverter.php	1232	grandfathered
packages/api/app/Services/Docs/DocsThreadRepository.php	851	grandfathered
packages/api/app/Services/Drive/DriveService.php	936	grandfathered
packages/api/app/Services/Mail/MailImapClient.php	1120	grandfathered
packages/api/app/Services/Mail/MailOperationService.php	1616	grandfathered
packages/api/app/Services/Update/UpdateRunner.php	1777	grandfathered
packages/apps/src/calendar-core/src/calendar-workspace.tsx	1377	grandfathered
packages/apps/src/calendar-core/src/use-calendar-controller.ts	1504	grandfathered
packages/apps/src/contacts-core/src/contacts-edit-utils.ts	888	grandfathered
packages/apps/src/contacts-core/src/use-contacts-controller.tsx	1597	grandfathered
packages/apps/src/drive-core/src/drive-browser.tsx	1054	grandfathered
packages/apps/src/lib/api/wgw/http.ts	1010	grandfathered
packages/apps/src/lib/calendar-elements/CalendarTimelineView/CalendarTimelineView.ts	2408	grandfathered
packages/apps/src/lib/calendar-elements/CalendarViewBase/CalendarViewBase.ts	835	grandfathered
packages/apps/src/lib/calendar-elements/EventCalendar/EventCalendar.ts	914	grandfathered
packages/apps/src/lib/calendar-elements/TimeLine/TimeLine.ts	2318	grandfathered
packages/apps/src/lib/calendar-elements/controllers/TimedEventInteractionController.ts	1145	grandfathered
packages/apps/src/lib/rtc/session/peer-mesh.ts	1055	grandfathered
packages/apps/src/meet-core/src/meet-workspace.tsx	1505	grandfathered
packages/apps/src/notes-core/src/notes-note-utils.ts	811	grandfathered
packages/apps/src/notes-core/src/use-notes-mutations.tsx	989	grandfathered
packages/apps/src/text-editor-core/docs-collab/docs-collab-workspace.tsx	873	grandfathered
packages/apps/src/wegotworkspace/src/wegotworkspace-routes.tsx	853	grandfathered
